SET FEEDBACK OFF
SET HEADING OFF
SPOOL 6_static_data.log

------------------------------------------------- 
PROMPT 1. Deleting/Inserting into DITE;
INSERT INTO DITE (ID,JMENO,PRIJMENI,VEK,MATKA_ID) VALUES ('0000000002','Kristýna','Svobodová',3,'0000000002');
INSERT INTO DITE (ID,JMENO,PRIJMENI,VEK,MATKA_ID) VALUES ('0000000003','Michaela','Svobodová',2,'0000000002');
INSERT INTO DITE (ID,JMENO,PRIJMENI,VEK,MATKA_ID) VALUES ('0000000004','Jakub','Poledník',8,'0000000007');
INSERT INTO DITE (ID,JMENO,PRIJMENI,VEK,MATKA_ID) VALUES ('0000000005','Jan','Marci',2,'0000000006');
INSERT INTO DITE (ID,JMENO,PRIJMENI,VEK,MATKA_ID) VALUES ('0000000006','Tomáš','Marci',4,'0000000006');
INSERT INTO DITE (ID,JMENO,PRIJMENI,VEK,MATKA_ID) VALUES ('0000000007','Petr','Poledník',6,'0000000007');
INSERT INTO DITE (ID,JMENO,PRIJMENI,VEK,MATKA_ID) VALUES ('0000000008','Prokop','Diviš',13,'0000000008');
INSERT INTO DITE (ID,JMENO,PRIJMENI,VEK,MATKA_ID) VALUES ('0000000009','Romana','Marci',2,'0000000006');
INSERT INTO DITE (ID,JMENO,PRIJMENI,VEK,MATKA_ID) VALUES ('0000000010','Karolína','Rusnoková',14,'0000000009');
INSERT INTO DITE (ID,JMENO,PRIJMENI,VEK,MATKA_ID) VALUES ('0000000011','Zuzana','Poledníková',2,'0000000007');
INSERT INTO DITE (ID,JMENO,PRIJMENI,VEK,MATKA_ID) VALUES ('0000000013','Jiří','Rusnok',12,'0000000009');
INSERT INTO DITE (ID,JMENO,PRIJMENI,VEK,MATKA_ID) VALUES ('0000000014','Michal','Rusek',7,'0000000010');
INSERT INTO DITE (ID,JMENO,PRIJMENI,VEK,MATKA_ID) VALUES ('0000000016','Klára','Rusková',9,'0000000010');
INSERT INTO DITE (ID,JMENO,PRIJMENI,VEK,MATKA_ID) VALUES ('0000000017','Petra','Světlá',10,'0000000015');
INSERT INTO DITE (ID,JMENO,PRIJMENI,VEK,MATKA_ID) VALUES ('0000000018','Božena','Němcová',5,'0000000011');
INSERT INTO DITE (ID,JMENO,PRIJMENI,VEK,MATKA_ID) VALUES ('0000000019','Emanuel','Diviš',2,'0000000014');
INSERT INTO DITE (ID,JMENO,PRIJMENI,VEK,MATKA_ID) VALUES ('0000000020','Pavlína','Světlá',8,'0000000015');
INSERT INTO DITE (ID,JMENO,PRIJMENI,VEK,MATKA_ID) VALUES ('0000000021','Kristýna','Marci',8,'0000000006');
------------------------------------------------- 
PROMPT 2. Deleting/Inserting into RIDIC_TEMP;
--No data in RIDIC_TEMP
------------------------------------------------- 
PROMPT 3. Deleting/Inserting into TEZBA;
INSERT INTO TEZBA (ID,ROK,KVARTAL,SUROVINA,MNOZSTVI) VALUES (1,2005,1,'Ropa',1680283,123);
INSERT INTO TEZBA (ID,ROK,KVARTAL,SUROVINA,MNOZSTVI) VALUES (2,2005,2,'Ropa',1620480,913);
INSERT INTO TEZBA (ID,ROK,KVARTAL,SUROVINA,MNOZSTVI) VALUES (3,2005,3,'Ropa',2039020);
INSERT INTO TEZBA (ID,ROK,KVARTAL,SUROVINA,MNOZSTVI) VALUES (4,2005,4,'Ropa',3632812,12);
INSERT INTO TEZBA (ID,ROK,KVARTAL,SUROVINA,MNOZSTVI) VALUES (5,2005,1,'Plyn',80283,123);
INSERT INTO TEZBA (ID,ROK,KVARTAL,SUROVINA,MNOZSTVI) VALUES (6,2005,2,'Plyn',90411);
INSERT INTO TEZBA (ID,ROK,KVARTAL,SUROVINA,MNOZSTVI) VALUES (7,2005,3,'Plyn',99083,123);
INSERT INTO TEZBA (ID,ROK,KVARTAL,SUROVINA,MNOZSTVI) VALUES (8,2005,4,'Plyn',80215,99);
INSERT INTO TEZBA (ID,ROK,KVARTAL,SUROVINA,MNOZSTVI) VALUES (9,2006,1,'Ropa',1680348,3);
INSERT INTO TEZBA (ID,ROK,KVARTAL,SUROVINA,MNOZSTVI) VALUES (10,2006,2,'Ropa',1888657,23);
------------------------------------------------- 
PROMPT 4. Deleting/Inserting into ZAMESTNANEC;
INSERT INTO ZAMESTNANEC (ID,JMENO,PRIJMENI,PRACOVNI_POZICE,HRUBY_MESICNI_PLAT,NADRIZENY_ID) VALUES ('1','Jiří','Novák','Quality Engineer',21000,'12');
INSERT INTO ZAMESTNANEC (ID,JMENO,PRIJMENI,PRACOVNI_POZICE,HRUBY_MESICNI_PLAT,NADRIZENY_ID) VALUES ('2','Jan','Dvořák','Senior Quality Engineer',54500,'12');
INSERT INTO ZAMESTNANEC (ID,JMENO,PRIJMENI,PRACOVNI_POZICE,HRUBY_MESICNI_PLAT,NADRIZENY_ID) VALUES ('3','Marie','Ranincová','Senior Quality Engineer',51220,'12');
INSERT INTO ZAMESTNANEC (ID,JMENO,PRIJMENI,PRACOVNI_POZICE,HRUBY_MESICNI_PLAT,NADRIZENY_ID) VALUES ('4','Miroslav','Kolomý','Quality Engineer',35660,'12');
INSERT INTO ZAMESTNANEC (ID,JMENO,PRIJMENI,PRACOVNI_POZICE,HRUBY_MESICNI_PLAT,NADRIZENY_ID) VALUES ('5','Bohuslav','Lakomý','Quality Engineer',36200,'12');
INSERT INTO ZAMESTNANEC (ID,JMENO,PRIJMENI,PRACOVNI_POZICE,HRUBY_MESICNI_PLAT,NADRIZENY_ID) VALUES ('6','Jana','Krkavá','Quality Engineer',18250,'12');
INSERT INTO ZAMESTNANEC (ID,JMENO,PRIJMENI,PRACOVNI_POZICE,HRUBY_MESICNI_PLAT,NADRIZENY_ID) VALUES ('7','Jiřina','Borková','Quality Engineer',10200,'17');
INSERT INTO ZAMESTNANEC (ID,JMENO,PRIJMENI,PRACOVNI_POZICE,HRUBY_MESICNI_PLAT,NADRIZENY_ID) VALUES ('8','David','Polášek','Top manager',62000,'19');
INSERT INTO ZAMESTNANEC (ID,JMENO,PRIJMENI,PRACOVNI_POZICE,HRUBY_MESICNI_PLAT,NADRIZENY_ID) VALUES ('9','Petr','Molnár','Quality Engineer Team Leader',51000,'17');
INSERT INTO ZAMESTNANEC (ID,JMENO,PRIJMENI,PRACOVNI_POZICE,HRUBY_MESICNI_PLAT,NADRIZENY_ID) VALUES ('10','Marek','Kolibřík','Quality Engineer',25500,'17');
INSERT INTO ZAMESTNANEC (ID,JMENO,PRIJMENI,PRACOVNI_POZICE,HRUBY_MESICNI_PLAT,NADRIZENY_ID) VALUES ('11','Martin','Tramín','Quality Engineer',36200,'17');
INSERT INTO ZAMESTNANEC (ID,JMENO,PRIJMENI,PRACOVNI_POZICE,HRUBY_MESICNI_PLAT,NADRIZENY_ID) VALUES ('12','Antonín','Znoj','Liniový manager',41000,'8');
INSERT INTO ZAMESTNANEC (ID,JMENO,PRIJMENI,PRACOVNI_POZICE,HRUBY_MESICNI_PLAT,NADRIZENY_ID) VALUES ('13','Pavel','Molík','Senior Quality Engineer',50000,'17');
INSERT INTO ZAMESTNANEC (ID,JMENO,PRIJMENI,PRACOVNI_POZICE,HRUBY_MESICNI_PLAT,NADRIZENY_ID) VALUES ('14','Radek','Kras','Quality Engineer Team Leader',42000,'12');
INSERT INTO ZAMESTNANEC (ID,JMENO,PRIJMENI,PRACOVNI_POZICE,HRUBY_MESICNI_PLAT,NADRIZENY_ID) VALUES ('15','Lubomír','Nimrod','Quality Engineer',21000,'17');
INSERT INTO ZAMESTNANEC (ID,JMENO,PRIJMENI,PRACOVNI_POZICE,HRUBY_MESICNI_PLAT,NADRIZENY_ID) VALUES ('16','Miroslava','Němcová','Quality Engineer',25000,'17');
INSERT INTO ZAMESTNANEC (ID,JMENO,PRIJMENI,PRACOVNI_POZICE,HRUBY_MESICNI_PLAT,NADRIZENY_ID) VALUES ('17','Jindřich','Gryncz','Liniový manager',36000,'8');
INSERT INTO ZAMESTNANEC (ID,JMENO,PRIJMENI,PRACOVNI_POZICE,HRUBY_MESICNI_PLAT,NADRIZENY_ID) VALUES ('18','Ondřej','Hlína','Quality Engineer Team Leader',48000,'17');
INSERT INTO ZAMESTNANEC (ID,JMENO,PRIJMENI,PRACOVNI_POZICE,HRUBY_MESICNI_PLAT,NADRIZENY_ID) VALUES ('19','Jakub','Graham','Top manager',95000,'');
------------------------------------------------- 
PROMPT 5. Deleting/Inserting into OPRAVNENI;
INSERT INTO OPRAVNENI (ID,SKUPINA,VEKOVA_HRANICE,NUTNA_SKUPINA,POPIS) VALUES ('0000000001','AM',15,'','');
INSERT INTO OPRAVNENI (ID,SKUPINA,VEKOVA_HRANICE,NUTNA_SKUPINA,POPIS) VALUES ('0000000002','A1',16,'','');
INSERT INTO OPRAVNENI (ID,SKUPINA,VEKOVA_HRANICE,NUTNA_SKUPINA,POPIS) VALUES ('0000000003','A',18,'','');
INSERT INTO OPRAVNENI (ID,SKUPINA,VEKOVA_HRANICE,NUTNA_SKUPINA,POPIS) VALUES ('0000000004','A',21,'','');
INSERT INTO OPRAVNENI (ID,SKUPINA,VEKOVA_HRANICE,NUTNA_SKUPINA,POPIS) VALUES ('0000000005','T',17,'','');
INSERT INTO OPRAVNENI (ID,SKUPINA,VEKOVA_HRANICE,NUTNA_SKUPINA,POPIS) VALUES ('0000000006','B1',17,'','');
INSERT INTO OPRAVNENI (ID,SKUPINA,VEKOVA_HRANICE,NUTNA_SKUPINA,POPIS) VALUES ('0000000007','B',18,'','');
INSERT INTO OPRAVNENI (ID,SKUPINA,VEKOVA_HRANICE,NUTNA_SKUPINA,POPIS) VALUES ('0000000008','B+E',18,'B','B');
INSERT INTO OPRAVNENI (ID,SKUPINA,VEKOVA_HRANICE,NUTNA_SKUPINA,POPIS) VALUES ('0000000009','C1',18,'B','B');
INSERT INTO OPRAVNENI (ID,SKUPINA,VEKOVA_HRANICE,NUTNA_SKUPINA,POPIS) VALUES ('0000000010','C1+E',18,'C1','C1');
INSERT INTO OPRAVNENI (ID,SKUPINA,VEKOVA_HRANICE,NUTNA_SKUPINA,POPIS) VALUES ('0000000011','C',18,'B','B');
INSERT INTO OPRAVNENI (ID,SKUPINA,VEKOVA_HRANICE,NUTNA_SKUPINA,POPIS) VALUES ('0000000012','C+E',18,'C','C');
INSERT INTO OPRAVNENI (ID,SKUPINA,VEKOVA_HRANICE,NUTNA_SKUPINA,POPIS) VALUES ('0000000013','D1',21,'B','B');
INSERT INTO OPRAVNENI (ID,SKUPINA,VEKOVA_HRANICE,NUTNA_SKUPINA,POPIS) VALUES ('0000000014','D1+E',21,'B1','B1');
INSERT INTO OPRAVNENI (ID,SKUPINA,VEKOVA_HRANICE,NUTNA_SKUPINA,POPIS) VALUES ('0000000015','D',21,'B','B');
INSERT INTO OPRAVNENI (ID,SKUPINA,VEKOVA_HRANICE,NUTNA_SKUPINA,POPIS) VALUES ('0000000016','D+E',21,'D','D');
------------------------------------------------- 
PROMPT 6. Deleting/Inserting into CLEN_ODDELENI;
INSERT INTO CLEN_ODDELENI (ID,JMENO,PRIJMENI,PRACOVNI_POZICE) VALUES ('0000000001','Štěpán','Andrlík','Quality Engineer');
INSERT INTO CLEN_ODDELENI (ID,JMENO,PRIJMENI,PRACOVNI_POZICE) VALUES ('0000000002','Pavel','Bouda','Quality Engineer');
INSERT INTO CLEN_ODDELENI (ID,JMENO,PRIJMENI,PRACOVNI_POZICE) VALUES ('0000000003','Martin','Gondor','Quality Engineer');
INSERT INTO CLEN_ODDELENI (ID,JMENO,PRIJMENI,PRACOVNI_POZICE) VALUES ('0000000004','Michal','Grössl','Quality Engineer');
INSERT INTO CLEN_ODDELENI (ID,JMENO,PRIJMENI,PRACOVNI_POZICE) VALUES ('0000000005','Jiří','Haluška','Quality Engineer');
INSERT INTO CLEN_ODDELENI (ID,JMENO,PRIJMENI,PRACOVNI_POZICE) VALUES ('0000000006','Adrian','Havelka','Quality Engineer');
INSERT INTO CLEN_ODDELENI (ID,JMENO,PRIJMENI,PRACOVNI_POZICE) VALUES ('0000000007','Tomáš','Hendrych','Junior Quality Engineer');
INSERT INTO CLEN_ODDELENI (ID,JMENO,PRIJMENI,PRACOVNI_POZICE) VALUES ('0000000008','David','Hochman','Quality Engineer');
INSERT INTO CLEN_ODDELENI (ID,JMENO,PRIJMENI,PRACOVNI_POZICE) VALUES ('0000000009','Pavel','Holub','Junior Quality Engineer');
INSERT INTO CLEN_ODDELENI (ID,JMENO,PRIJMENI,PRACOVNI_POZICE) VALUES ('0000000010','Michal','Chalupníček','Junior Quality Engineer');
INSERT INTO CLEN_ODDELENI (ID,JMENO,PRIJMENI,PRACOVNI_POZICE) VALUES ('0000000011','Martin','Chlup','Junior Quality Engineer');
INSERT INTO CLEN_ODDELENI (ID,JMENO,PRIJMENI,PRACOVNI_POZICE) VALUES ('0000000012','Tomáš','Jandera','Quality Engineer');
INSERT INTO CLEN_ODDELENI (ID,JMENO,PRIJMENI,PRACOVNI_POZICE) VALUES ('0000000013','Benno','Jungmann','Senior Quality Engineer');
INSERT INTO CLEN_ODDELENI (ID,JMENO,PRIJMENI,PRACOVNI_POZICE) VALUES ('0000000014','Miroslav','Karel','Quality Engineer - Team Leader');
INSERT INTO CLEN_ODDELENI (ID,JMENO,PRIJMENI,PRACOVNI_POZICE) VALUES ('0000000015','David','Klier','Quality Engineer');
INSERT INTO CLEN_ODDELENI (ID,JMENO,PRIJMENI,PRACOVNI_POZICE) VALUES ('0000000016','Andrej','Kocián','Quality Engineer');
INSERT INTO CLEN_ODDELENI (ID,JMENO,PRIJMENI,PRACOVNI_POZICE) VALUES ('0000000017','Zdeněk','Koutek','Quality Engineer');
INSERT INTO CLEN_ODDELENI (ID,JMENO,PRIJMENI,PRACOVNI_POZICE) VALUES ('0000000018','Marek','Kraus','Junior Quality Engineer');
INSERT INTO CLEN_ODDELENI (ID,JMENO,PRIJMENI,PRACOVNI_POZICE) VALUES ('0000000019','Jaroslav','Krňanský','Quality Engineer - Senior team Leader');
INSERT INTO CLEN_ODDELENI (ID,JMENO,PRIJMENI,PRACOVNI_POZICE) VALUES ('0000000020','Petr','Kvasnička','Quality Engineer');
INSERT INTO CLEN_ODDELENI (ID,JMENO,PRIJMENI,PRACOVNI_POZICE) VALUES ('0000000021','Matúš','Lančarič','Quality Engineer');
INSERT INTO CLEN_ODDELENI (ID,JMENO,PRIJMENI,PRACOVNI_POZICE) VALUES ('0000000022','Marek','Lisý','Quality Engineer');
INSERT INTO CLEN_ODDELENI (ID,JMENO,PRIJMENI,PRACOVNI_POZICE) VALUES ('0000000023','Jan','Matucha','Senior Quality Engineer');
INSERT INTO CLEN_ODDELENI (ID,JMENO,PRIJMENI,PRACOVNI_POZICE) VALUES ('0000000024','Martin','Mokrycki','Quality Engineer');
INSERT INTO CLEN_ODDELENI (ID,JMENO,PRIJMENI,PRACOVNI_POZICE) VALUES ('0000000025','Libor','Němeček','Quality Engineer');
INSERT INTO CLEN_ODDELENI (ID,JMENO,PRIJMENI,PRACOVNI_POZICE) VALUES ('0000000026','Pavel','Novák','Quality Engineer - Team Leader');
INSERT INTO CLEN_ODDELENI (ID,JMENO,PRIJMENI,PRACOVNI_POZICE) VALUES ('0000000027','Michal','Papp','Junior Quality Engineer');
INSERT INTO CLEN_ODDELENI (ID,JMENO,PRIJMENI,PRACOVNI_POZICE) VALUES ('0000000028','Martin','Pavček','Quality Engineer');
INSERT INTO CLEN_ODDELENI (ID,JMENO,PRIJMENI,PRACOVNI_POZICE) VALUES ('0000000029','Martin','Pavelka','Junior Quality Engineer');
INSERT INTO CLEN_ODDELENI (ID,JMENO,PRIJMENI,PRACOVNI_POZICE) VALUES ('0000000030','Daniel','Pernecký','Quality Engineer');
INSERT INTO CLEN_ODDELENI (ID,JMENO,PRIJMENI,PRACOVNI_POZICE) VALUES ('0000000031','Richard','Poláček','Senior Quality Engineer');
INSERT INTO CLEN_ODDELENI (ID,JMENO,PRIJMENI,PRACOVNI_POZICE) VALUES ('0000000032','Robert','Pospíchal','Quality Engineer');
INSERT INTO CLEN_ODDELENI (ID,JMENO,PRIJMENI,PRACOVNI_POZICE) VALUES ('0000000033','Stanislav','Prokop','Quality Engineer');
INSERT INTO CLEN_ODDELENI (ID,JMENO,PRIJMENI,PRACOVNI_POZICE) VALUES ('0000000034','Ivan','Radosta','Quality Engineer');
INSERT INTO CLEN_ODDELENI (ID,JMENO,PRIJMENI,PRACOVNI_POZICE) VALUES ('0000000035','David','Raniak','Quality Engineer');
INSERT INTO CLEN_ODDELENI (ID,JMENO,PRIJMENI,PRACOVNI_POZICE) VALUES ('0000000036','Miloš','Sehnal','Quality Engineer');
INSERT INTO CLEN_ODDELENI (ID,JMENO,PRIJMENI,PRACOVNI_POZICE) VALUES ('0000000037','Peter','Soukup','Quality Engineer - Team Leader');
INSERT INTO CLEN_ODDELENI (ID,JMENO,PRIJMENI,PRACOVNI_POZICE) VALUES ('0000000038','Juraj','Strharský','Quality Engineer - Team Leader');
INSERT INTO CLEN_ODDELENI (ID,JMENO,PRIJMENI,PRACOVNI_POZICE) VALUES ('0000000039','Ondřej','Šembera','Quality Engineer');
INSERT INTO CLEN_ODDELENI (ID,JMENO,PRIJMENI,PRACOVNI_POZICE) VALUES ('0000000040','Jan','Štefan','Quality Engineer');
INSERT INTO CLEN_ODDELENI (ID,JMENO,PRIJMENI,PRACOVNI_POZICE) VALUES ('0000000041','Milan','Štrbák','Senior Quality Engineer');
INSERT INTO CLEN_ODDELENI (ID,JMENO,PRIJMENI,PRACOVNI_POZICE) VALUES ('0000000042','Jan','Šumbera','Junior Quality Engineer');
INSERT INTO CLEN_ODDELENI (ID,JMENO,PRIJMENI,PRACOVNI_POZICE) VALUES ('0000000043','Lubomír','Švajdler','Junior Quality Engineer');
INSERT INTO CLEN_ODDELENI (ID,JMENO,PRIJMENI,PRACOVNI_POZICE) VALUES ('0000000044','Josef','Tomšovský','Quality Engineer');
INSERT INTO CLEN_ODDELENI (ID,JMENO,PRIJMENI,PRACOVNI_POZICE) VALUES ('0000000045','Lukáš','Vaněk','Junior Quality Engineer');
INSERT INTO CLEN_ODDELENI (ID,JMENO,PRIJMENI,PRACOVNI_POZICE) VALUES ('0000000046','Ondřej','Ventluka','Senior Quality Engineer');
INSERT INTO CLEN_ODDELENI (ID,JMENO,PRIJMENI,PRACOVNI_POZICE) VALUES ('0000000047','Jiří','Wolf','Junior Quality Engineer');
INSERT INTO CLEN_ODDELENI (ID,JMENO,PRIJMENI,PRACOVNI_POZICE) VALUES ('0000000048','Lucie','Bednářová','Quality Engineer');
INSERT INTO CLEN_ODDELENI (ID,JMENO,PRIJMENI,PRACOVNI_POZICE) VALUES ('0000000049','Michaela','Boušková','Junior Quality Engineer');
INSERT INTO CLEN_ODDELENI (ID,JMENO,PRIJMENI,PRACOVNI_POZICE) VALUES ('0000000050','Jana','Bystrá','Quality Engineer');
INSERT INTO CLEN_ODDELENI (ID,JMENO,PRIJMENI,PRACOVNI_POZICE) VALUES ('0000000051','Magdaléna','Galovičová','Quality Engineer');
INSERT INTO CLEN_ODDELENI (ID,JMENO,PRIJMENI,PRACOVNI_POZICE) VALUES ('0000000052','Andrea','Hladíková','Quality Engineer - Team Leader');
INSERT INTO CLEN_ODDELENI (ID,JMENO,PRIJMENI,PRACOVNI_POZICE) VALUES ('0000000053','Markéta','Jašková','Junior Quality Engineer');
INSERT INTO CLEN_ODDELENI (ID,JMENO,PRIJMENI,PRACOVNI_POZICE) VALUES ('0000000054','Denisa','Kabourková','Junior Quality Engineer');
INSERT INTO CLEN_ODDELENI (ID,JMENO,PRIJMENI,PRACOVNI_POZICE) VALUES ('0000000055','Jana','Katrňáková','Quality Engineer');
INSERT INTO CLEN_ODDELENI (ID,JMENO,PRIJMENI,PRACOVNI_POZICE) VALUES ('0000000056','Pavlína','Koutníková','Quality Engineer');
INSERT INTO CLEN_ODDELENI (ID,JMENO,PRIJMENI,PRACOVNI_POZICE) VALUES ('0000000057','Gabriela','Kubesová','Quality Engineer');
INSERT INTO CLEN_ODDELENI (ID,JMENO,PRIJMENI,PRACOVNI_POZICE) VALUES ('0000000058','Jana','Kubínková','Quality Engineer');
INSERT INTO CLEN_ODDELENI (ID,JMENO,PRIJMENI,PRACOVNI_POZICE) VALUES ('0000000059','Silvia','Kučerová','Quality Engineer');
INSERT INTO CLEN_ODDELENI (ID,JMENO,PRIJMENI,PRACOVNI_POZICE) VALUES ('0000000060','Lenka','Kupčáková','Junior Quality Engineer');
INSERT INTO CLEN_ODDELENI (ID,JMENO,PRIJMENI,PRACOVNI_POZICE) VALUES ('0000000061','Lucia','Maradová','Quality Engineer');
INSERT INTO CLEN_ODDELENI (ID,JMENO,PRIJMENI,PRACOVNI_POZICE) VALUES ('0000000062','Jana','Milenovská','Quality Engineer');
INSERT INTO CLEN_ODDELENI (ID,JMENO,PRIJMENI,PRACOVNI_POZICE) VALUES ('0000000063','Jana','Nesvadbová','Quality Engineer');
INSERT INTO CLEN_ODDELENI (ID,JMENO,PRIJMENI,PRACOVNI_POZICE) VALUES ('0000000064','Lenka','Pacovská','Quality Engineer');
INSERT INTO CLEN_ODDELENI (ID,JMENO,PRIJMENI,PRACOVNI_POZICE) VALUES ('0000000065','Zuzana','Polanská','Quality Engineer');
INSERT INTO CLEN_ODDELENI (ID,JMENO,PRIJMENI,PRACOVNI_POZICE) VALUES ('0000000066','Lucie','Riedlová','Quality Engineer');
INSERT INTO CLEN_ODDELENI (ID,JMENO,PRIJMENI,PRACOVNI_POZICE) VALUES ('0000000067','Eva','Rytířová','Quality Engineer');
INSERT INTO CLEN_ODDELENI (ID,JMENO,PRIJMENI,PRACOVNI_POZICE) VALUES ('0000000068','Olga','Sudová','Quality Engineer');
INSERT INTO CLEN_ODDELENI (ID,JMENO,PRIJMENI,PRACOVNI_POZICE) VALUES ('0000000069','Veronika','Šulganová','Quality Engineer');
INSERT INTO CLEN_ODDELENI (ID,JMENO,PRIJMENI,PRACOVNI_POZICE) VALUES ('0000000070','Hana','Ulrichová','Junior Quality Engineer');
INSERT INTO CLEN_ODDELENI (ID,JMENO,PRIJMENI,PRACOVNI_POZICE) VALUES ('0000000071','Jitka','Valientová','Quality Engineer');
INSERT INTO CLEN_ODDELENI (ID,JMENO,PRIJMENI,PRACOVNI_POZICE) VALUES ('0000000072','Michaela','Vaňková','Senior Quality Engineer');
INSERT INTO CLEN_ODDELENI (ID,JMENO,PRIJMENI,PRACOVNI_POZICE) VALUES ('0000000073','Hana','Zlonická','Quality Engineer');
------------------------------------------------- 
PROMPT 7. Deleting/Inserting into ZENA;
INSERT INTO ZENA (ID,JMENO,PRIJMENI,VEK) VALUES ('0000000001','Marie','Nováková',25);
INSERT INTO ZENA (ID,JMENO,PRIJMENI,VEK) VALUES ('0000000002','Kristýna','Svobodová',28);
INSERT INTO ZENA (ID,JMENO,PRIJMENI,VEK) VALUES ('0000000003','Libuše','Pataki',25);
INSERT INTO ZENA (ID,JMENO,PRIJMENI,VEK) VALUES ('0000000004','Milada','Květová',24);
INSERT INTO ZENA (ID,JMENO,PRIJMENI,VEK) VALUES ('0000000005','Radka','Kosmonosová',21);
INSERT INTO ZENA (ID,JMENO,PRIJMENI,VEK) VALUES ('0000000006','Kateřina','Marci',27);
INSERT INTO ZENA (ID,JMENO,PRIJMENI,VEK) VALUES ('0000000007','Lucie','Poledníková',32);
INSERT INTO ZENA (ID,JMENO,PRIJMENI,VEK) VALUES ('0000000008','Hana','Divišová',37);
INSERT INTO ZENA (ID,JMENO,PRIJMENI,VEK) VALUES ('0000000009','Jana','Rusnoková',40);
INSERT INTO ZENA (ID,JMENO,PRIJMENI,VEK) VALUES ('0000000010','Pavlína','Rusková',34);
INSERT INTO ZENA (ID,JMENO,PRIJMENI,VEK) VALUES ('0000000011','Michaela','Němcová',28);
INSERT INTO ZENA (ID,JMENO,PRIJMENI,VEK) VALUES ('0000000012','Petra','Rysová',27);
INSERT INTO ZENA (ID,JMENO,PRIJMENI,VEK) VALUES ('0000000013','Nikola','Martinů',27);
INSERT INTO ZENA (ID,JMENO,PRIJMENI,VEK) VALUES ('0000000014','Hana','Divišová',26);
INSERT INTO ZENA (ID,JMENO,PRIJMENI,VEK) VALUES ('0000000015','Jindřiška','Světlá',31);
------------------------------------------------- 
PROMPT 8. Deleting/Inserting into OSOBA;
INSERT INTO OSOBA (ID,JMENO,PRIJMENI,VEK) VALUES (1,'Jan','Dan',25);
INSERT INTO OSOBA (ID,JMENO,PRIJMENI,VEK) VALUES (2,'Marie','Yuko',16);
INSERT INTO OSOBA (ID,JMENO,PRIJMENI,VEK) VALUES (3,'Petr','Lenoch',28);
INSERT INTO OSOBA (ID,JMENO,PRIJMENI,VEK) VALUES (4,'Martin','Mudroch',17);
INSERT INTO OSOBA (ID,JMENO,PRIJMENI,VEK) VALUES (5,'Libor','Matucha',26);
------------------------------------------------- 
PROMPT 9. Deleting/Inserting into RIDIC;
INSERT INTO RIDIC (ID,JMENO,PRIJMENI,RODNE_CISLO) VALUES ('0000000001','Jiří','Kvasnička','8103074870');
INSERT INTO RIDIC (ID,JMENO,PRIJMENI,RODNE_CISLO) VALUES ('0000000002','Marie','Nováková','7460040038');
INSERT INTO RIDIC (ID,JMENO,PRIJMENI,RODNE_CISLO) VALUES ('0000000003','Jiří','Novák','8103039065');
INSERT INTO RIDIC (ID,JMENO,PRIJMENI,RODNE_CISLO) VALUES ('0000000004','Jan','Svoboda','8103073154');
INSERT INTO RIDIC (ID,JMENO,PRIJMENI,RODNE_CISLO) VALUES ('0000000005','Jana','Novotná','6254130982');
INSERT INTO RIDIC (ID,JMENO,PRIJMENI,RODNE_CISLO) VALUES ('0000000006','Petr','Novotný','8103163079');
INSERT INTO RIDIC (ID,JMENO,PRIJMENI,RODNE_CISLO) VALUES ('0000000007','Josef','Dvořák','6210040111');
INSERT INTO RIDIC (ID,JMENO,PRIJMENI,RODNE_CISLO) VALUES ('0000000008','Pavel','Černý','8103113359');
INSERT INTO RIDIC (ID,JMENO,PRIJMENI,RODNE_CISLO) VALUES ('0000000009','Jaroslav','Procházka','8103019287');
INSERT INTO RIDIC (ID,JMENO,PRIJMENI,RODNE_CISLO) VALUES ('0000000010','Martin','Kučera','6210040034');
INSERT INTO RIDIC (ID,JMENO,PRIJMENI,RODNE_CISLO) VALUES ('0000000011','Miroslav','Veselý','7410040055');
INSERT INTO RIDIC (ID,JMENO,PRIJMENI,RODNE_CISLO) VALUES ('0000000012','Tomáš','Horák','7410040022');
INSERT INTO RIDIC (ID,JMENO,PRIJMENI,RODNE_CISLO) VALUES ('0000000013','Eva','Dvořáková','8103046875');
INSERT INTO RIDIC (ID,JMENO,PRIJMENI,RODNE_CISLO) VALUES ('0000000014','František','Němec','8103173859');
INSERT INTO RIDIC (ID,JMENO,PRIJMENI,RODNE_CISLO) VALUES ('0000000015','Anna','Černá','6354130981');
INSERT INTO RIDIC (ID,JMENO,PRIJMENI,RODNE_CISLO) VALUES ('0000000016','Hana','Svobodová','6854130976');
INSERT INTO RIDIC (ID,JMENO,PRIJMENI,RODNE_CISLO) VALUES ('0000000017','Zdeněk','Pokorný','8103056907');
INSERT INTO RIDIC (ID,JMENO,PRIJMENI,RODNE_CISLO) VALUES ('0000000018','Václav','Pospíšil','8103039549');
INSERT INTO RIDIC (ID,JMENO,PRIJMENI,RODNE_CISLO) VALUES ('0000000019','Věra','Procházková','6954130975');
INSERT INTO RIDIC (ID,JMENO,PRIJMENI,RODNE_CISLO) VALUES ('0000000020','Karel','Hrubý','8103088433');
INSERT INTO RIDIC (ID,JMENO,PRIJMENI,RODNE_CISLO) VALUES ('0000000021','Lenka','Kučerová','6954130986');
INSERT INTO RIDIC (ID,JMENO,PRIJMENI,RODNE_CISLO) VALUES ('0000000022','Milan','Marek','6210040089');
INSERT INTO RIDIC (ID,JMENO,PRIJMENI,RODNE_CISLO) VALUES ('0000000023','Michal','Hájek','8103131520');
INSERT INTO RIDIC (ID,JMENO,PRIJMENI,RODNE_CISLO) VALUES ('0000000024','Vladimír','Sedláček','6812243548');
INSERT INTO RIDIC (ID,JMENO,PRIJMENI,RODNE_CISLO) VALUES ('0000000025','Lukáš','Fiala','6812243581');
INSERT INTO RIDIC (ID,JMENO,PRIJMENI,RODNE_CISLO) VALUES ('0000000026','David','Jelínek','7211103581');
INSERT INTO RIDIC (ID,JMENO,PRIJMENI,RODNE_CISLO) VALUES ('0000000027','Ladislav','Král','7311103580');
INSERT INTO RIDIC (ID,JMENO,PRIJMENI,RODNE_CISLO) VALUES ('0000000028','Jakub','Beneš','7411103579');
INSERT INTO RIDIC (ID,JMENO,PRIJMENI,RODNE_CISLO) VALUES ('0000000029','Stanislav','Růžička','7811103575');
------------------------------------------------- 
PROMPT 10. Deleting/Inserting into RIDIC_OPRAVNENI;
INSERT INTO RIDIC_OPRAVNENI (ID,RIDIC_ID,OPRAVNENI_ID,PLATNOST_OD) VALUES ('0000000001','0000000001','0000000001',to_date('26/05/1997 00:00:00', 'dd/mm/rrrr hh24:mi:ss'));
INSERT INTO RIDIC_OPRAVNENI (ID,RIDIC_ID,OPRAVNENI_ID,PLATNOST_OD) VALUES ('0000000002','0000000001','0000000003',to_date('13/05/1997 00:00:00', 'dd/mm/rrrr hh24:mi:ss'));
INSERT INTO RIDIC_OPRAVNENI (ID,RIDIC_ID,OPRAVNENI_ID,PLATNOST_OD) VALUES ('0000000003','0000000001','0000000005',to_date('18/06/2000 00:00:00', 'dd/mm/rrrr hh24:mi:ss'));
INSERT INTO RIDIC_OPRAVNENI (ID,RIDIC_ID,OPRAVNENI_ID,PLATNOST_OD) VALUES ('0000000004','0000000002','0000000001',to_date('12/04/1993 00:00:00', 'dd/mm/rrrr hh24:mi:ss'));
INSERT INTO RIDIC_OPRAVNENI (ID,RIDIC_ID,OPRAVNENI_ID,PLATNOST_OD) VALUES ('0000000005','0000000002','0000000003',to_date('11/02/1996 00:00:00', 'dd/mm/rrrr hh24:mi:ss'));
INSERT INTO RIDIC_OPRAVNENI (ID,RIDIC_ID,OPRAVNENI_ID,PLATNOST_OD) VALUES ('0000000006','0000000002','0000000004',to_date('18/03/1995 00:00:00', 'dd/mm/rrrr hh24:mi:ss'));
INSERT INTO RIDIC_OPRAVNENI (ID,RIDIC_ID,OPRAVNENI_ID,PLATNOST_OD) VALUES ('0000000007','0000000002','0000000005',to_date('13/12/1994 00:00:00', 'dd/mm/rrrr hh24:mi:ss'));
INSERT INTO RIDIC_OPRAVNENI (ID,RIDIC_ID,OPRAVNENI_ID,PLATNOST_OD) VALUES ('0000000008','0000000003','0000000001',to_date('01/03/1998 00:00:00', 'dd/mm/rrrr hh24:mi:ss'));
INSERT INTO RIDIC_OPRAVNENI (ID,RIDIC_ID,OPRAVNENI_ID,PLATNOST_OD) VALUES ('0000000009','0000000003','0000000003',to_date('18/05/1998 00:00:00', 'dd/mm/rrrr hh24:mi:ss'));
INSERT INTO RIDIC_OPRAVNENI (ID,RIDIC_ID,OPRAVNENI_ID,PLATNOST_OD) VALUES ('0000000010','0000000003','0000000004',to_date('11/02/1999 00:00:00', 'dd/mm/rrrr hh24:mi:ss'));
INSERT INTO RIDIC_OPRAVNENI (ID,RIDIC_ID,OPRAVNENI_ID,PLATNOST_OD) VALUES ('0000000011','0000000003','0000000007',to_date('04/04/2000 00:00:00', 'dd/mm/rrrr hh24:mi:ss'));
INSERT INTO RIDIC_OPRAVNENI (ID,RIDIC_ID,OPRAVNENI_ID,PLATNOST_OD) VALUES ('0000000012','0000000004','0000000002',to_date('26/05/1997 00:00:00', 'dd/mm/rrrr hh24:mi:ss'));
INSERT INTO RIDIC_OPRAVNENI (ID,RIDIC_ID,OPRAVNENI_ID,PLATNOST_OD) VALUES ('0000000013','0000000004','0000000003',to_date('01/03/1998 00:00:00', 'dd/mm/rrrr hh24:mi:ss'));
INSERT INTO RIDIC_OPRAVNENI (ID,RIDIC_ID,OPRAVNENI_ID,PLATNOST_OD) VALUES ('0000000014','0000000004','0000000006',to_date('01/06/2002 00:00:00', 'dd/mm/rrrr hh24:mi:ss'));
INSERT INTO RIDIC_OPRAVNENI (ID,RIDIC_ID,OPRAVNENI_ID,PLATNOST_OD) VALUES ('0000000015','0000000005','0000000001',to_date('13/01/1990 00:00:00', 'dd/mm/rrrr hh24:mi:ss'));
INSERT INTO RIDIC_OPRAVNENI (ID,RIDIC_ID,OPRAVNENI_ID,PLATNOST_OD) VALUES ('0000000016','0000000005','0000000003',to_date('20/06/1990 00:00:00', 'dd/mm/rrrr hh24:mi:ss'));
INSERT INTO RIDIC_OPRAVNENI (ID,RIDIC_ID,OPRAVNENI_ID,PLATNOST_OD) VALUES ('0000000017','0000000005','0000000004',to_date('15/04/1991 00:00:00', 'dd/mm/rrrr hh24:mi:ss'));
INSERT INTO RIDIC_OPRAVNENI (ID,RIDIC_ID,OPRAVNENI_ID,PLATNOST_OD) VALUES ('0000000018','0000000005','0000000007',to_date('29/09/1991 00:00:00', 'dd/mm/rrrr hh24:mi:ss'));
INSERT INTO RIDIC_OPRAVNENI (ID,RIDIC_ID,OPRAVNENI_ID,PLATNOST_OD) VALUES ('0000000019','0000000006','0000000003',to_date('21/05/1997 00:00:00', 'dd/mm/rrrr hh24:mi:ss'));
INSERT INTO RIDIC_OPRAVNENI (ID,RIDIC_ID,OPRAVNENI_ID,PLATNOST_OD) VALUES ('0000000020','0000000006','0000000005',to_date('21/10/1997 00:00:00', 'dd/mm/rrrr hh24:mi:ss'));
INSERT INTO RIDIC_OPRAVNENI (ID,RIDIC_ID,OPRAVNENI_ID,PLATNOST_OD) VALUES ('0000000021','0000000007','0000000001',to_date('05/02/1991 00:00:00', 'dd/mm/rrrr hh24:mi:ss'));
INSERT INTO RIDIC_OPRAVNENI (ID,RIDIC_ID,OPRAVNENI_ID,PLATNOST_OD) VALUES ('0000000022','0000000007','0000000004',to_date('06/05/1991 00:00:00', 'dd/mm/rrrr hh24:mi:ss'));
INSERT INTO RIDIC_OPRAVNENI (ID,RIDIC_ID,OPRAVNENI_ID,PLATNOST_OD) VALUES ('0000000023','0000000007','0000000007',to_date('19/07/1991 00:00:00', 'dd/mm/rrrr hh24:mi:ss'));
INSERT INTO RIDIC_OPRAVNENI (ID,RIDIC_ID,OPRAVNENI_ID,PLATNOST_OD) VALUES ('0000000024','0000000008','0000000004',to_date('26/05/1997 00:00:00', 'dd/mm/rrrr hh24:mi:ss'));
INSERT INTO RIDIC_OPRAVNENI (ID,RIDIC_ID,OPRAVNENI_ID,PLATNOST_OD) VALUES ('0000000025','0000000008','0000000007',to_date('13/05/1997 00:00:00', 'dd/mm/rrrr hh24:mi:ss'));
INSERT INTO RIDIC_OPRAVNENI (ID,RIDIC_ID,OPRAVNENI_ID,PLATNOST_OD) VALUES ('0000000026','0000000009','0000000003',to_date('18/06/2000 00:00:00', 'dd/mm/rrrr hh24:mi:ss'));
INSERT INTO RIDIC_OPRAVNENI (ID,RIDIC_ID,OPRAVNENI_ID,PLATNOST_OD) VALUES ('0000000027','0000000009','0000000006',to_date('12/04/1993 00:00:00', 'dd/mm/rrrr hh24:mi:ss'));
INSERT INTO RIDIC_OPRAVNENI (ID,RIDIC_ID,OPRAVNENI_ID,PLATNOST_OD) VALUES ('0000000028','0000000010','0000000001',to_date('11/02/1996 00:00:00', 'dd/mm/rrrr hh24:mi:ss'));
INSERT INTO RIDIC_OPRAVNENI (ID,RIDIC_ID,OPRAVNENI_ID,PLATNOST_OD) VALUES ('0000000029','0000000010','0000000004',to_date('18/03/1995 00:00:00', 'dd/mm/rrrr hh24:mi:ss'));
INSERT INTO RIDIC_OPRAVNENI (ID,RIDIC_ID,OPRAVNENI_ID,PLATNOST_OD) VALUES ('0000000030','0000000010','0000000006',to_date('03/12/1994 00:00:00', 'dd/mm/rrrr hh24:mi:ss'));
INSERT INTO RIDIC_OPRAVNENI (ID,RIDIC_ID,OPRAVNENI_ID,PLATNOST_OD) VALUES ('0000000031','0000000010','0000000007',to_date('01/03/1998 00:00:00', 'dd/mm/rrrr hh24:mi:ss'));
INSERT INTO RIDIC_OPRAVNENI (ID,RIDIC_ID,OPRAVNENI_ID,PLATNOST_OD) VALUES ('0000000032','0000000011','0000000005',to_date('18/05/1998 00:00:00', 'dd/mm/rrrr hh24:mi:ss'));
INSERT INTO RIDIC_OPRAVNENI (ID,RIDIC_ID,OPRAVNENI_ID,PLATNOST_OD) VALUES ('0000000033','0000000012','0000000001',to_date('11/02/1999 00:00:00', 'dd/mm/rrrr hh24:mi:ss'));
INSERT INTO RIDIC_OPRAVNENI (ID,RIDIC_ID,OPRAVNENI_ID,PLATNOST_OD) VALUES ('0000000034','0000000012','0000000004',to_date('04/04/2000 00:00:00', 'dd/mm/rrrr hh24:mi:ss'));
INSERT INTO RIDIC_OPRAVNENI (ID,RIDIC_ID,OPRAVNENI_ID,PLATNOST_OD) VALUES ('0000000035','0000000012','0000000007',to_date('26/05/1997 00:00:00', 'dd/mm/rrrr hh24:mi:ss'));
INSERT INTO RIDIC_OPRAVNENI (ID,RIDIC_ID,OPRAVNENI_ID,PLATNOST_OD) VALUES ('0000000036','0000000013','0000000004',to_date('01/03/1998 00:00:00', 'dd/mm/rrrr hh24:mi:ss'));
INSERT INTO RIDIC_OPRAVNENI (ID,RIDIC_ID,OPRAVNENI_ID,PLATNOST_OD) VALUES ('0000000037','0000000014','0000000004',to_date('01/06/2002 00:00:00', 'dd/mm/rrrr hh24:mi:ss'));
INSERT INTO RIDIC_OPRAVNENI (ID,RIDIC_ID,OPRAVNENI_ID,PLATNOST_OD) VALUES ('0000000038','0000000015','0000000003',to_date('13/01/1990 00:00:00', 'dd/mm/rrrr hh24:mi:ss'));
INSERT INTO RIDIC_OPRAVNENI (ID,RIDIC_ID,OPRAVNENI_ID,PLATNOST_OD) VALUES ('0000000039','0000000015','0000000004',to_date('20/06/1990 00:00:00', 'dd/mm/rrrr hh24:mi:ss'));
INSERT INTO RIDIC_OPRAVNENI (ID,RIDIC_ID,OPRAVNENI_ID,PLATNOST_OD) VALUES ('0000000040','0000000016','0000000006',to_date('15/04/1991 00:00:00', 'dd/mm/rrrr hh24:mi:ss'));
INSERT INTO RIDIC_OPRAVNENI (ID,RIDIC_ID,OPRAVNENI_ID,PLATNOST_OD) VALUES ('0000000041','0000000017','0000000002',to_date('29/09/1991 00:00:00', 'dd/mm/rrrr hh24:mi:ss'));
INSERT INTO RIDIC_OPRAVNENI (ID,RIDIC_ID,OPRAVNENI_ID,PLATNOST_OD) VALUES ('0000000042','0000000017','0000000005',to_date('21/05/1997 00:00:00', 'dd/mm/rrrr hh24:mi:ss'));
INSERT INTO RIDIC_OPRAVNENI (ID,RIDIC_ID,OPRAVNENI_ID,PLATNOST_OD) VALUES ('0000000043','0000000018','0000000001',to_date('21/10/1997 00:00:00', 'dd/mm/rrrr hh24:mi:ss'));
INSERT INTO RIDIC_OPRAVNENI (ID,RIDIC_ID,OPRAVNENI_ID,PLATNOST_OD) VALUES ('0000000044','0000000018','0000000003',to_date('05/02/1991 00:00:00', 'dd/mm/rrrr hh24:mi:ss'));
INSERT INTO RIDIC_OPRAVNENI (ID,RIDIC_ID,OPRAVNENI_ID,PLATNOST_OD) VALUES ('0000000045','0000000019','0000000002',to_date('06/05/1991 00:00:00', 'dd/mm/rrrr hh24:mi:ss'));
INSERT INTO RIDIC_OPRAVNENI (ID,RIDIC_ID,OPRAVNENI_ID,PLATNOST_OD) VALUES ('0000000046','0000000020','0000000002',to_date('19/07/1991 00:00:00', 'dd/mm/rrrr hh24:mi:ss'));
INSERT INTO RIDIC_OPRAVNENI (ID,RIDIC_ID,OPRAVNENI_ID,PLATNOST_OD) VALUES ('0000000047','0000000020','0000000006',to_date('11/02/1996 00:00:00', 'dd/mm/rrrr hh24:mi:ss'));
INSERT INTO RIDIC_OPRAVNENI (ID,RIDIC_ID,OPRAVNENI_ID,PLATNOST_OD) VALUES ('0000000048','0000000021','0000000004',to_date('18/03/1995 00:00:00', 'dd/mm/rrrr hh24:mi:ss'));
INSERT INTO RIDIC_OPRAVNENI (ID,RIDIC_ID,OPRAVNENI_ID,PLATNOST_OD) VALUES ('0000000049','0000000022','0000000004',to_date('13/12/1994 00:00:00', 'dd/mm/rrrr hh24:mi:ss'));
INSERT INTO RIDIC_OPRAVNENI (ID,RIDIC_ID,OPRAVNENI_ID,PLATNOST_OD) VALUES ('0000000050','0000000023','0000000001',to_date('01/03/1998 00:00:00', 'dd/mm/rrrr hh24:mi:ss'));
INSERT INTO RIDIC_OPRAVNENI (ID,RIDIC_ID,OPRAVNENI_ID,PLATNOST_OD) VALUES ('0000000051','0000000023','0000000002',to_date('18/05/1998 00:00:00', 'dd/mm/rrrr hh24:mi:ss'));
INSERT INTO RIDIC_OPRAVNENI (ID,RIDIC_ID,OPRAVNENI_ID,PLATNOST_OD) VALUES ('0000000052','0000000023','0000000003',to_date('11/02/1999 00:00:00', 'dd/mm/rrrr hh24:mi:ss'));
INSERT INTO RIDIC_OPRAVNENI (ID,RIDIC_ID,OPRAVNENI_ID,PLATNOST_OD) VALUES ('0000000053','0000000023','0000000004',to_date('04/04/2000 00:00:00', 'dd/mm/rrrr hh24:mi:ss'));
INSERT INTO RIDIC_OPRAVNENI (ID,RIDIC_ID,OPRAVNENI_ID,PLATNOST_OD) VALUES ('0000000054','0000000023','0000000005',to_date('26/05/1997 00:00:00', 'dd/mm/rrrr hh24:mi:ss'));
INSERT INTO RIDIC_OPRAVNENI (ID,RIDIC_ID,OPRAVNENI_ID,PLATNOST_OD) VALUES ('0000000055','0000000023','0000000006',to_date('01/03/1998 00:00:00', 'dd/mm/rrrr hh24:mi:ss'));
INSERT INTO RIDIC_OPRAVNENI (ID,RIDIC_ID,OPRAVNENI_ID,PLATNOST_OD) VALUES ('0000000056','0000000024','0000000003',to_date('01/06/2002 00:00:00', 'dd/mm/rrrr hh24:mi:ss'));
INSERT INTO RIDIC_OPRAVNENI (ID,RIDIC_ID,OPRAVNENI_ID,PLATNOST_OD) VALUES ('0000000057','0000000025','0000000001',to_date('26/05/1997 00:00:00', 'dd/mm/rrrr hh24:mi:ss'));
INSERT INTO RIDIC_OPRAVNENI (ID,RIDIC_ID,OPRAVNENI_ID,PLATNOST_OD) VALUES ('0000000058','0000000026','0000000003',to_date('01/03/1998 00:00:00', 'dd/mm/rrrr hh24:mi:ss'));
INSERT INTO RIDIC_OPRAVNENI (ID,RIDIC_ID,OPRAVNENI_ID,PLATNOST_OD) VALUES ('0000000059','0000000027','0000000002',to_date('01/06/2002 00:00:00', 'dd/mm/rrrr hh24:mi:ss'));
INSERT INTO RIDIC_OPRAVNENI (ID,RIDIC_ID,OPRAVNENI_ID,PLATNOST_OD) VALUES ('0000000060','0000000028','0000000006',to_date('13/01/1990 00:00:00', 'dd/mm/rrrr hh24:mi:ss'));
INSERT INTO RIDIC_OPRAVNENI (ID,RIDIC_ID,OPRAVNENI_ID,PLATNOST_OD) VALUES ('0000000061','0000000029','0000000002',to_date('20/06/1990 00:00:00', 'dd/mm/rrrr hh24:mi:ss'));
INSERT INTO RIDIC_OPRAVNENI (ID,RIDIC_ID,OPRAVNENI_ID,PLATNOST_OD) VALUES ('0000000062','0000000029','0000000003',to_date('15/04/1991 00:00:00', 'dd/mm/rrrr hh24:mi:ss'));
INSERT INTO RIDIC_OPRAVNENI (ID,RIDIC_ID,OPRAVNENI_ID,PLATNOST_OD) VALUES ('0000000063','0000000029','0000000004',to_date('29/09/1991 00:00:00', 'dd/mm/rrrr hh24:mi:ss'));
INSERT INTO RIDIC_OPRAVNENI (ID,RIDIC_ID,OPRAVNENI_ID,PLATNOST_OD) VALUES ('0000000064','0000000010','0000000011',to_date('18/06/2000 00:00:00', 'dd/mm/rrrr hh24:mi:ss'));
INSERT INTO RIDIC_OPRAVNENI (ID,RIDIC_ID,OPRAVNENI_ID,PLATNOST_OD) VALUES ('0000000065','0000000007','0000000011',to_date('17/03/1992 00:00:00', 'dd/mm/rrrr hh24:mi:ss'));
INSERT INTO RIDIC_OPRAVNENI (ID,RIDIC_ID,OPRAVNENI_ID,PLATNOST_OD) VALUES ('0000000066','0000000003','0000000011',to_date('04/08/2001 00:00:00', 'dd/mm/rrrr hh24:mi:ss'));
INSERT INTO RIDIC_OPRAVNENI (ID,RIDIC_ID,OPRAVNENI_ID,PLATNOST_OD) VALUES ('0000000067','0000000003','0000000015',to_date('17/10/2000 00:00:00', 'dd/mm/rrrr hh24:mi:ss'));
INSERT INTO RIDIC_OPRAVNENI (ID,RIDIC_ID,OPRAVNENI_ID,PLATNOST_OD) VALUES ('0000000068','0000000003','0000000009',to_date('01/02/2001 00:00:00', 'dd/mm/rrrr hh24:mi:ss'));
INSERT INTO RIDIC_OPRAVNENI (ID,RIDIC_ID,OPRAVNENI_ID,PLATNOST_OD) VALUES ('0000000069','0000000003','0000000008',to_date('01/05/2001 00:00:00', 'dd/mm/rrrr hh24:mi:ss'));
INSERT INTO RIDIC_OPRAVNENI (ID,RIDIC_ID,OPRAVNENI_ID,PLATNOST_OD) VALUES ('0000000070','0000000007','0000000008',to_date('10/10/1991 00:00:00', 'dd/mm/rrrr hh24:mi:ss'));
INSERT INTO RIDIC_OPRAVNENI (ID,RIDIC_ID,OPRAVNENI_ID,PLATNOST_OD) VALUES ('0000000071','0000000007','0000000015',to_date('21/12/1991 00:00:00', 'dd/mm/rrrr hh24:mi:ss'));
INSERT INTO RIDIC_OPRAVNENI (ID,RIDIC_ID,OPRAVNENI_ID,PLATNOST_OD) VALUES ('0000000072','0000000007','0000000009',to_date('19/04/1992 00:00:00', 'dd/mm/rrrr hh24:mi:ss'));
INSERT INTO RIDIC_OPRAVNENI (ID,RIDIC_ID,OPRAVNENI_ID,PLATNOST_OD) VALUES ('0000000073','0000000008','0000000008',to_date('23/07/1997 00:00:00', 'dd/mm/rrrr hh24:mi:ss'));
INSERT INTO RIDIC_OPRAVNENI (ID,RIDIC_ID,OPRAVNENI_ID,PLATNOST_OD) VALUES ('0000000074','0000000008','0000000009',to_date('20/10/1997 00:00:00', 'dd/mm/rrrr hh24:mi:ss'));
INSERT INTO RIDIC_OPRAVNENI (ID,RIDIC_ID,OPRAVNENI_ID,PLATNOST_OD) VALUES ('0000000075','0000000010','0000000015',to_date('09/09/1998 00:00:00', 'dd/mm/rrrr hh24:mi:ss'));
INSERT INTO RIDIC_OPRAVNENI (ID,RIDIC_ID,OPRAVNENI_ID,PLATNOST_OD) VALUES ('0000000076','0000000004','0000000014',to_date('01/06/2002 00:00:00', 'dd/mm/rrrr hh24:mi:ss'));
INSERT INTO RIDIC_OPRAVNENI (ID,RIDIC_ID,OPRAVNENI_ID,PLATNOST_OD) VALUES ('0000000077','0000000010','0000000014',to_date('03/12/1994 00:00:00', 'dd/mm/rrrr hh24:mi:ss'));
INSERT INTO RIDIC_OPRAVNENI (ID,RIDIC_ID,OPRAVNENI_ID,PLATNOST_OD) VALUES ('0000000078','0000000020','0000000014',to_date('11/02/1997 00:00:00', 'dd/mm/rrrr hh24:mi:ss'));
INSERT INTO RIDIC_OPRAVNENI (ID,RIDIC_ID,OPRAVNENI_ID,PLATNOST_OD) VALUES ('0000000079','0000000023','0000000014',to_date('12/03/1999 00:00:00', 'dd/mm/rrrr hh24:mi:ss'));
INSERT INTO RIDIC_OPRAVNENI (ID,RIDIC_ID,OPRAVNENI_ID,PLATNOST_OD) VALUES ('0000000080','0000000003','0000000012',to_date('05/08/2002 00:00:00', 'dd/mm/rrrr hh24:mi:ss'));
INSERT INTO RIDIC_OPRAVNENI (ID,RIDIC_ID,OPRAVNENI_ID,PLATNOST_OD) VALUES ('0000000081','0000000007','0000000012',to_date('11/02/1993 00:00:00', 'dd/mm/rrrr hh24:mi:ss'));
INSERT INTO RIDIC_OPRAVNENI (ID,RIDIC_ID,OPRAVNENI_ID,PLATNOST_OD) VALUES ('0000000082','0000000003','0000000010',to_date('30/06/2001 00:00:00', 'dd/mm/rrrr hh24:mi:ss'));
INSERT INTO RIDIC_OPRAVNENI (ID,RIDIC_ID,OPRAVNENI_ID,PLATNOST_OD) VALUES ('0000000083','0000000007','0000000016',to_date('07/03/1992 00:00:00', 'dd/mm/rrrr hh24:mi:ss'));
------------------------------------------------- 
PROMPT 11. Deleting/Inserting into OSOBA_TEMP;
--No data in OSOBA_TEMP
------------------------------------------------- 
PROMPT 12. Deleting/Inserting into VYUCOVACI_PREDMET;
INSERT INTO VYUCOVACI_PREDMET (ID,NAZEV_PREDMETU,POCET_HODIN_TYDNE,GARANT_PREDMETU,DATUM_ZAPISU) VALUES (1,'Anglický jazyk',41,'Mgr. Miroslava Vlčková',to_date('27/09/2008 00:00:00', 'dd/mm/rrrr hh24:mi:ss'));
INSERT INTO VYUCOVACI_PREDMET (ID,NAZEV_PREDMETU,POCET_HODIN_TYDNE,GARANT_PREDMETU,DATUM_ZAPISU) VALUES (2,'Český jazyk',35,'Mgr. Miroslava Vlčková',to_date('25/09/2008 00:00:00', 'dd/mm/rrrr hh24:mi:ss'));
INSERT INTO VYUCOVACI_PREDMET (ID,NAZEV_PREDMETU,POCET_HODIN_TYDNE,GARANT_PREDMETU,DATUM_ZAPISU) VALUES (3,'Dějepis',27,'MvDr. Jiří Klein',to_date('06/10/2008 00:00:00', 'dd/mm/rrrr hh24:mi:ss'));
INSERT INTO VYUCOVACI_PREDMET (ID,NAZEV_PREDMETU,POCET_HODIN_TYDNE,GARANT_PREDMETU,DATUM_ZAPISU) VALUES (4,'Dílenské práce',10,'Ing. Miroslav Zeman',to_date('13/10/2008 00:00:00', 'dd/mm/rrrr hh24:mi:ss'));
INSERT INTO VYUCOVACI_PREDMET (ID,NAZEV_PREDMETU,POCET_HODIN_TYDNE,GARANT_PREDMETU,DATUM_ZAPISU) VALUES (5,'Doprava',21,'Ing. Robert Vaníček',to_date('13/10/2008 00:00:00', 'dd/mm/rrrr hh24:mi:ss'));
INSERT INTO VYUCOVACI_PREDMET (ID,NAZEV_PREDMETU,POCET_HODIN_TYDNE,GARANT_PREDMETU,DATUM_ZAPISU) VALUES (6,'Dynamika',33,'Ing. Jiří Veselý',to_date('25/09/2008 00:00:00', 'dd/mm/rrrr hh24:mi:ss'));
INSERT INTO VYUCOVACI_PREDMET (ID,NAZEV_PREDMETU,POCET_HODIN_TYDNE,GARANT_PREDMETU,DATUM_ZAPISU) VALUES (7,'Fyzika',15,'Josef Dubový',to_date('02/10/2008 00:00:00', 'dd/mm/rrrr hh24:mi:ss'));
INSERT INTO VYUCOVACI_PREDMET (ID,NAZEV_PREDMETU,POCET_HODIN_TYDNE,GARANT_PREDMETU,DATUM_ZAPISU) VALUES (8,'Kinematika',38,'Doc. Milada Nováková',to_date('13/10/2008 00:00:00', 'dd/mm/rrrr hh24:mi:ss'));
INSERT INTO VYUCOVACI_PREDMET (ID,NAZEV_PREDMETU,POCET_HODIN_TYDNE,GARANT_PREDMETU,DATUM_ZAPISU) VALUES (9,'Matematika',24,'Josef Dubový',to_date('27/09/2008 00:00:00', 'dd/mm/rrrr hh24:mi:ss'));
INSERT INTO VYUCOVACI_PREDMET (ID,NAZEV_PREDMETU,POCET_HODIN_TYDNE,GARANT_PREDMETU,DATUM_ZAPISU) VALUES (10,'Materiály',9,'Doc. Jan Forest',to_date('06/10/2008 00:00:00', 'dd/mm/rrrr hh24:mi:ss'));
INSERT INTO VYUCOVACI_PREDMET (ID,NAZEV_PREDMETU,POCET_HODIN_TYDNE,GARANT_PREDMETU,DATUM_ZAPISU) VALUES (11,'Mechanika',41,'Doc. Milada Nováková',to_date('27/09/2008 00:00:00', 'dd/mm/rrrr hh24:mi:ss'));
INSERT INTO VYUCOVACI_PREDMET (ID,NAZEV_PREDMETU,POCET_HODIN_TYDNE,GARANT_PREDMETU,DATUM_ZAPISU) VALUES (12,'Metrologie',8,'Ing. Jiří Rumpa',to_date('14/10/2008 00:00:00', 'dd/mm/rrrr hh24:mi:ss'));
INSERT INTO VYUCOVACI_PREDMET (ID,NAZEV_PREDMETU,POCET_HODIN_TYDNE,GARANT_PREDMETU,DATUM_ZAPISU) VALUES (13,'Občanská nauka',11,'Mgr. Miroslava Vlčková',to_date('06/10/2008 00:00:00', 'dd/mm/rrrr hh24:mi:ss'));
INSERT INTO VYUCOVACI_PREDMET (ID,NAZEV_PREDMETU,POCET_HODIN_TYDNE,GARANT_PREDMETU,DATUM_ZAPISU) VALUES (14,'Počítačové sítě',28,'Ing. Jiří Rumpa',to_date('13/10/2008 00:00:00', 'dd/mm/rrrr hh24:mi:ss'));
INSERT INTO VYUCOVACI_PREDMET (ID,NAZEV_PREDMETU,POCET_HODIN_TYDNE,GARANT_PREDMETU,DATUM_ZAPISU) VALUES (15,'Pružnost pevnost',18,'Ing. Jiří Veselý',to_date('06/10/2008 00:00:00', 'dd/mm/rrrr hh24:mi:ss'));
INSERT INTO VYUCOVACI_PREDMET (ID,NAZEV_PREDMETU,POCET_HODIN_TYDNE,GARANT_PREDMETU,DATUM_ZAPISU) VALUES (16,'Silniční vozidla',22,'Ing. Robert Vaníček',to_date('13/10/2008 00:00:00', 'dd/mm/rrrr hh24:mi:ss'));
INSERT INTO VYUCOVACI_PREDMET (ID,NAZEV_PREDMETU,POCET_HODIN_TYDNE,GARANT_PREDMETU,DATUM_ZAPISU) VALUES (17,'Technologie',9,'Doc. Jan Forest',to_date('25/09/2008 00:00:00', 'dd/mm/rrrr hh24:mi:ss'));
INSERT INTO VYUCOVACI_PREDMET (ID,NAZEV_PREDMETU,POCET_HODIN_TYDNE,GARANT_PREDMETU,DATUM_ZAPISU) VALUES (18,'Teorie elektromagnetického pole',20,'Doc. Milada Nováková',to_date('27/09/2008 00:00:00', 'dd/mm/rrrr hh24:mi:ss'));
INSERT INTO VYUCOVACI_PREDMET (ID,NAZEV_PREDMETU,POCET_HODIN_TYDNE,GARANT_PREDMETU,DATUM_ZAPISU) VALUES (19,'Teorie grafů',18,'Doc. Miloš Šedivý',to_date('25/09/2008 00:00:00', 'dd/mm/rrrr hh24:mi:ss'));
INSERT INTO VYUCOVACI_PREDMET (ID,NAZEV_PREDMETU,POCET_HODIN_TYDNE,GARANT_PREDMETU,DATUM_ZAPISU) VALUES (20,'Termomechanika',34,'Ing. Jiří Veselý',to_date('06/10/2008 00:00:00', 'dd/mm/rrrr hh24:mi:ss'));
INSERT INTO VYUCOVACI_PREDMET (ID,NAZEV_PREDMETU,POCET_HODIN_TYDNE,GARANT_PREDMETU,DATUM_ZAPISU) VALUES (21,'Tělesná výchova',9,'Mgr. Lucie Zoubková',to_date('25/09/2008 00:00:00', 'dd/mm/rrrr hh24:mi:ss'));
INSERT INTO VYUCOVACI_PREDMET (ID,NAZEV_PREDMETU,POCET_HODIN_TYDNE,GARANT_PREDMETU,DATUM_ZAPISU) VALUES (22,'Umělá inteligence',38,'Doc. Jiří Břez',to_date('25/09/2008 00:00:00', 'dd/mm/rrrr hh24:mi:ss'));
INSERT INTO VYUCOVACI_PREDMET (ID,NAZEV_PREDMETU,POCET_HODIN_TYDNE,GARANT_PREDMETU,DATUM_ZAPISU) VALUES (23,'Údržba osobních vozů',31,'Jan Tříska',to_date('27/09/2008 00:00:00', 'dd/mm/rrrr hh24:mi:ss'));
INSERT INTO VYUCOVACI_PREDMET (ID,NAZEV_PREDMETU,POCET_HODIN_TYDNE,GARANT_PREDMETU,DATUM_ZAPISU) VALUES (24,'Základy databázových systémů',25,'Doc. Miloš Šedivý',to_date('02/10/2008 00:00:00', 'dd/mm/rrrr hh24:mi:ss'));
INSERT INTO VYUCOVACI_PREDMET (ID,NAZEV_PREDMETU,POCET_HODIN_TYDNE,GARANT_PREDMETU,DATUM_ZAPISU) VALUES (25,'Základy jazyka C',41,'Ing. Jiří Rumpa',to_date('27/09/2008 00:00:00', 'dd/mm/rrrr hh24:mi:ss'));
INSERT INTO VYUCOVACI_PREDMET (ID,NAZEV_PREDMETU,POCET_HODIN_TYDNE,GARANT_PREDMETU,DATUM_ZAPISU) VALUES (26,'Zeměpis',16,'MvDr. Jiří Klein',to_date('25/09/2008 00:00:00', 'dd/mm/rrrr hh24:mi:ss'));
Commit;
SPOOL OFF
